@MeasurementDateGMT,@Value,SpeciesCode,SiteCode,SpeciesName,SiteName,SiteType,Latitude,Longitude
2025-11-01 00:00:00,16.2,NO2,LB4,Nitrogen Dioxide,Lambeth - Brixton Road,Kerbside,51.464113541162,-0.11458102695123
2025-11-01 01:00:00,22.6,NO2,LB4,Nitrogen Dioxide,Lambeth - Brixton Road,Kerbside,51.464113541162,-0.11458102695123
2025-11-01 02:00:00,12.8,NO2,LB4,Nitrogen Dioxide,Lambeth - Brixton Road,Kerbside,51.464113541162,-0.11458102695123
2025-11-01 03:00:00,10.2,NO2,LB4,Nitrogen Dioxide,Lambeth - Brixton Road,Kerbside,51.464113541162,-0.11458102695123
2025-11-01 04:00:00,31.9,NO2,LB4,Nitrogen Dioxide,Lambeth - Brixton Road,Kerbside,51.464113541162,-0.11458102695123
2025-11-01 05:00:00,35.1,NO2,LB4,Nitrogen Dioxide,Lambeth - Brixton Road,Kerbside,51.464113541162,-0.11458102695123
2025-11-01 06:00:00,43.8,NO2,LB4,Nitrogen Dioxide,Lambeth - Brixton Road,Kerbside,51.464113541162,-0.11458102695123
2025-11-01 07:00:00,42.4,NO2,LB4,Nitrogen Dioxide,Lambeth - Brixton Road,Kerbside,51.464113541162,-0.11458102695123
2025-11-01 08:00:00,34.0,NO2,LB4,Nitrogen Dioxide,Lambeth - Brixton Road,Kerbside,51.464113541162,-0.11458102695123
2025-11-01 09:00:00,33.9,NO2,LB4,Nitrogen Dioxide,Lambeth - Brixton Road,Kerbside,51.464113541162,-0.11458102695123
2025-11-01 10:00:00,29.8,NO2,LB4,Nitrogen Dioxide,Lambeth - Brixton Road,Kerbside,51.464113541162,-0.11458102695123
2025-11-01 11:00:00,42.5,NO2,LB4,Nitrogen Dioxide,Lambeth - Brixton Road,Kerbside,51.464113541162,-0.11458102695123
2025-11-01 12:00:00,62.2,NO2,LB4,Nitrogen Dioxide,Lambeth - Brixton Road,Kerbside,51.464113541162,-0.11458102695123
2025-11-01 13:00:00,44.0,NO2,LB4,Nitrogen Dioxide,Lambeth - Brixton Road,Kerbside,51.464113541162,-0.11458102695123
2025-11-01 14:00:00,70.2,NO2,LB4,Nitrogen Dioxide,Lambeth - Brixton Road,Kerbside,51.464113541162,-0.11458102695123
2025-11-01 15:00:00,45.4,NO2,LB4,Nitrogen Dioxide,Lambeth - Brixton Road,Kerbside,51.464113541162,-0.11458102695123
2025-11-01 16:00:00,57.5,NO2,LB4,Nitrogen Dioxide,Lambeth - Brixton Road,Kerbside,51.464113541162,-0.11458102695123
2025-11-01 17:00:00,76.7,NO2,LB4,Nitrogen Dioxide,Lambeth - Brixton Road,Kerbside,51.464113541162,-0.11458102695123
2025-11-01 18:00:00,57.4,NO2,LB4,Nitrogen Dioxide,Lambeth - Brixton Road,Kerbside,51.464113541162,-0.11458102695123
2025-11-01 19:00:00,61.9,NO2,LB4,Nitrogen Dioxide,Lambeth - Brixton Road,Kerbside,51.464113541162,-0.11458102695123
2025-11-01 20:00:00,46.5,NO2,LB4,Nitrogen Dioxide,Lambeth - Brixton Road,Kerbside,51.464113541162,-0.11458102695123
2025-11-01 21:00:00,43.2,NO2,LB4,Nitrogen Dioxide,Lambeth - Brixton Road,Kerbside,51.464113541162,-0.11458102695123
2025-11-01 22:00:00,42.4,NO2,LB4,Nitrogen Dioxide,Lambeth - Brixton Road,Kerbside,51.464113541162,-0.11458102695123
2025-11-01 23:00:00,44.7,NO2,LB4,Nitrogen Dioxide,Lambeth - Brixton Road,Kerbside,51.464113541162,-0.11458102695123
2025-11-02 00:00:00,50.6,NO2,LB4,Nitrogen Dioxide,Lambeth - Brixton Road,Kerbside,51.464113541162,-0.11458102695123
2025-11-02 01:00:00,43.8,NO2,LB4,Nitrogen Dioxide,Lambeth - Brixton Road,Kerbside,51.464113541162,-0.11458102695123
2025-11-02 02:00:00,,NO2,LB4,Nitrogen Dioxide,Lambeth - Brixton Road,Kerbside,51.464113541162,-0.11458102695123
2025-11-02 03:00:00,27.9,NO2,LB4,Nitrogen Dioxide,Lambeth - Brixton Road,Kerbside,51.464113541162,-0.11458102695123
2025-11-02 04:00:00,36.5,NO2,LB4,Nitrogen Dioxide,Lambeth - Brixton Road,Kerbside,51.464113541162,-0.11458102695123
2025-11-02 05:00:00,27.9,NO2,LB4,Nitrogen Dioxide,Lambeth - Brixton Road,Kerbside,51.464113541162,-0.11458102695123
2025-11-02 06:00:00,40.2,NO2,LB4,Nitrogen Dioxide,Lambeth - Brixton Road,Kerbside,51.464113541162,-0.11458102695123
2025-11-02 07:00:00,37.0,NO2,LB4,Nitrogen Dioxide,Lambeth - Brixton Road,Kerbside,51.464113541162,-0.11458102695123
2025-11-02 08:00:00,42.4,NO2,LB4,Nitrogen Dioxide,Lambeth - Brixton Road,Kerbside,51.464113541162,-0.11458102695123
2025-11-02 09:00:00,34.4,NO2,LB4,Nitrogen Dioxide,Lambeth - Brixton Road,Kerbside,51.464113541162,-0.11458102695123
2025-11-02 10:00:00,17.3,NO2,LB4,Nitrogen Dioxide,Lambeth - Brixton Road,Kerbside,51.464113541162,-0.11458102695123
2025-11-02 11:00:00,28.5,NO2,LB4,Nitrogen Dioxide,Lambeth - Brixton Road,Kerbside,51.464113541162,-0.11458102695123
2025-11-02 12:00:00,38.7,NO2,LB4,Nitrogen Dioxide,Lambeth - Brixton Road,Kerbside,51.464113541162,-0.11458102695123
2025-11-02 13:00:00,17.9,NO2,LB4,Nitrogen Dioxide,Lambeth - Brixton Road,Kerbside,51.464113541162,-0.11458102695123
2025-11-02 14:00:00,68.2,NO2,LB4,Nitrogen Dioxide,Lambeth - Brixton Road,Kerbside,51.464113541162,-0.11458102695123
2025-11-02 15:00:00,35.3,NO2,LB4,Nitrogen Dioxide,Lambeth - Brixton Road,Kerbside,51.464113541162,-0.11458102695123
2025-11-02 16:00:00,27.1,NO2,LB4,Nitrogen Dioxide,Lambeth - Brixton Road,Kerbside,51.464113541162,-0.11458102695123
2025-11-02 17:00:00,45.3,NO2,LB4,Nitrogen Dioxide,Lambeth - Brixton Road,Kerbside,51.464113541162,-0.11458102695123
2025-11-02 18:00:00,35.9,NO2,LB4,Nitrogen Dioxide,Lambeth - Brixton Road,Kerbside,51.464113541162,-0.11458102695123
2025-11-02 19:00:00,42.5,NO2,LB4,Nitrogen Dioxide,Lambeth - Brixton Road,Kerbside,51.464113541162,-0.11458102695123
2025-11-02 20:00:00,62.4,NO2,LB4,Nitrogen Dioxide,Lambeth - Brixton Road,Kerbside,51.464113541162,-0.11458102695123
2025-11-02 21:00:00,44.9,NO2,LB4,Nitrogen Dioxide,Lambeth - Brixton Road,Kerbside,51.464113541162,-0.11458102695123
2025-11-02 22:00:00,39.2,NO2,LB4,Nitrogen Dioxide,Lambeth - Brixton Road,Kerbside,51.464113541162,-0.11458102695123
2025-11-02 23:00:00,57.9,NO2,LB4,Nitrogen Dioxide,Lambeth - Brixton Road,Kerbside,51.464113541162,-0.11458102695123
2025-11-03 00:00:00,46.5,NO2,LB4,Nitrogen Dioxide,Lambeth - Brixton Road,Kerbside,51.464113541162,-0.11458102695123
2025-11-03 01:00:00,27.0,NO2,LB4,Nitrogen Dioxide,Lambeth - Brixton Road,Kerbside,51.464113541162,-0.11458102695123
2025-11-03 02:00:00,14.1,NO2,LB4,Nitrogen Dioxide,Lambeth - Brixton Road,Kerbside,51.464113541162,-0.11458102695123
2025-11-03 03:00:00,11.0,NO2,LB4,Nitrogen Dioxide,Lambeth - Brixton Road,Kerbside,51.464113541162,-0.11458102695123
2025-11-03 04:00:00,14.3,NO2,LB4,Nitrogen Dioxide,Lambeth - Brixton Road,Kerbside,51.464113541162,-0.11458102695123
2025-11-03 05:00:00,27.9,NO2,LB4,Nitrogen Dioxide,Lambeth - Brixton Road,Kerbside,51.464113541162,-0.11458102695123
2025-11-03 06:00:00,30.3,NO2,LB4,Nitrogen Dioxide,Lambeth - Brixton Road,Kerbside,51.464113541162,-0.11458102695123
2025-11-03 07:00:00,59.0,NO2,LB4,Nitrogen Dioxide,Lambeth - Brixton Road,Kerbside,51.464113541162,-0.11458102695123
2025-11-03 08:00:00,43.1,NO2,LB4,Nitrogen Dioxide,Lambeth - Brixton Road,Kerbside,51.464113541162,-0.11458102695123
2025-11-03 09:00:00,39.9,NO2,LB4,Nitrogen Dioxide,Lambeth - Brixton Road,Kerbside,51.464113541162,-0.11458102695123
2025-11-03 10:00:00,27.5,NO2,LB4,Nitrogen Dioxide,Lambeth - Brixton Road,Kerbside,51.464113541162,-0.11458102695123
2025-11-03 11:00:00,36.9,NO2,LB4,Nitrogen Dioxide,Lambeth - Brixton Road,Kerbside,51.464113541162,-0.11458102695123
2025-11-03 12:00:00,85.5,NO2,LB4,Nitrogen Dioxide,Lambeth - Brixton Road,Kerbside,51.464113541162,-0.11458102695123
2025-11-03 13:00:00,41.3,NO2,LB4,Nitrogen Dioxide,Lambeth - Brixton Road,Kerbside,51.464113541162,-0.11458102695123
2025-11-03 14:00:00,25.7,NO2,LB4,Nitrogen Dioxide,Lambeth - Brixton Road,Kerbside,51.464113541162,-0.11458102695123
2025-11-03 15:00:00,79.0,NO2,LB4,Nitrogen Dioxide,Lambeth - Brixton Road,Kerbside,51.464113541162,-0.11458102695123
2025-11-03 16:00:00,39.0,NO2,LB4,Nitrogen Dioxide,Lambeth - Brixton Road,Kerbside,51.464113541162,-0.11458102695123
2025-11-03 17:00:00,53.2,NO2,LB4,Nitrogen Dioxide,Lambeth - Brixton Road,Kerbside,51.464113541162,-0.11458102695123
2025-11-03 18:00:00,64.0,NO2,LB4,Nitrogen Dioxide,Lambeth - Brixton Road,Kerbside,51.464113541162,-0.11458102695123
2025-11-03 19:00:00,37.2,NO2,LB4,Nitrogen Dioxide,Lambeth - Brixton Road,Kerbside,51.464113541162,-0.11458102695123
2025-11-03 20:00:00,43.4,NO2,LB4,Nitrogen Dioxide,Lambeth - Brixton Road,Kerbside,51.464113541162,-0.11458102695123
2025-11-03 21:00:00,28.6,NO2,LB4,Nitrogen Dioxide,Lambeth - Brixton Road,Kerbside,51.464113541162,-0.11458102695123
2025-11-03 22:00:00,21.2,NO2,LB4,Nitrogen Dioxide,Lambeth - Brixton Road,Kerbside,51.464113541162,-0.11458102695123
2025-11-03 23:00:00,27.0,NO2,LB4,Nitrogen Dioxide,Lambeth - Brixton Road,Kerbside,51.464113541162,-0.11458102695123
2025-11-04 00:00:00,17.0,NO2,LB4,Nitrogen Dioxide,Lambeth - Brixton Road,Kerbside,51.464113541162,-0.11458102695123
2025-11-04 01:00:00,11.3,NO2,LB4,Nitrogen Dioxide,Lambeth - Brixton Road,Kerbside,51.464113541162,-0.11458102695123
2025-11-04 02:00:00,8.6,NO2,LB4,Nitrogen Dioxide,Lambeth - Brixton Road,Kerbside,51.464113541162,-0.11458102695123
2025-11-04 03:00:00,6.2,NO2,LB4,Nitrogen Dioxide,Lambeth - Brixton Road,Kerbside,51.464113541162,-0.11458102695123
2025-11-04 04:00:00,7.7,NO2,LB4,Nitrogen Dioxide,Lambeth - Brixton Road,Kerbside,51.464113541162,-0.11458102695123
2025-11-04 05:00:00,27.5,NO2,LB4,Nitrogen Dioxide,Lambeth - Brixton Road,Kerbside,51.464113541162,-0.11458102695123
2025-11-04 06:00:00,40.7,NO2,LB4,Nitrogen Dioxide,Lambeth - Brixton Road,Kerbside,51.464113541162,-0.11458102695123
2025-11-04 07:00:00,79.7,NO2,LB4,Nitrogen Dioxide,Lambeth - Brixton Road,Kerbside,51.464113541162,-0.11458102695123
2025-11-04 08:00:00,60.8,NO2,LB4,Nitrogen Dioxide,Lambeth - Brixton Road,Kerbside,51.464113541162,-0.11458102695123
2025-11-04 09:00:00,45.9,NO2,LB4,Nitrogen Dioxide,Lambeth - Brixton Road,Kerbside,51.464113541162,-0.11458102695123
2025-11-04 10:00:00,57.8,NO2,LB4,Nitrogen Dioxide,Lambeth - Brixton Road,Kerbside,51.464113541162,-0.11458102695123
2025-11-04 11:00:00,39.3,NO2,LB4,Nitrogen Dioxide,Lambeth - Brixton Road,Kerbside,51.464113541162,-0.11458102695123
2025-11-04 12:00:00,44.8,NO2,LB4,Nitrogen Dioxide,Lambeth - Brixton Road,Kerbside,51.464113541162,-0.11458102695123
2025-11-04 13:00:00,52.4,NO2,LB4,Nitrogen Dioxide,Lambeth - Brixton Road,Kerbside,51.464113541162,-0.11458102695123
2025-11-04 14:00:00,30.3,NO2,LB4,Nitrogen Dioxide,Lambeth - Brixton Road,Kerbside,51.464113541162,-0.11458102695123
2025-11-04 15:00:00,41.0,NO2,LB4,Nitrogen Dioxide,Lambeth - Brixton Road,Kerbside,51.464113541162,-0.11458102695123
2025-11-04 16:00:00,50.7,NO2,LB4,Nitrogen Dioxide,Lambeth - Brixton Road,Kerbside,51.464113541162,-0.11458102695123
2025-11-04 17:00:00,45.2,NO2,LB4,Nitrogen Dioxide,Lambeth - Brixton Road,Kerbside,51.464113541162,-0.11458102695123
2025-11-04 18:00:00,34.5,NO2,LB4,Nitrogen Dioxide,Lambeth - Brixton Road,Kerbside,51.464113541162,-0.11458102695123
2025-11-04 19:00:00,34.3,NO2,LB4,Nitrogen Dioxide,Lambeth - Brixton Road,Kerbside,51.464113541162,-0.11458102695123
2025-11-04 20:00:00,25.3,NO2,LB4,Nitrogen Dioxide,Lambeth - Brixton Road,Kerbside,51.464113541162,-0.11458102695123
2025-11-04 21:00:00,21.3,NO2,LB4,Nitrogen Dioxide,Lambeth - Brixton Road,Kerbside,51.464113541162,-0.11458102695123
2025-11-04 22:00:00,28.8,NO2,LB4,Nitrogen Dioxide,Lambeth - Brixton Road,Kerbside,51.464113541162,-0.11458102695123
2025-11-04 23:00:00,28.8,NO2,LB4,Nitrogen Dioxide,Lambeth - Brixton Road,Kerbside,51.464113541162,-0.11458102695123
2025-11-05 00:00:00,23.1,NO2,LB4,Nitrogen Dioxide,Lambeth - Brixton Road,Kerbside,51.464113541162,-0.11458102695123
2025-11-05 01:00:00,17.9,NO2,LB4,Nitrogen Dioxide,Lambeth - Brixton Road,Kerbside,51.464113541162,-0.11458102695123
2025-11-05 02:00:00,16.6,NO2,LB4,Nitrogen Dioxide,Lambeth - Brixton Road,Kerbside,51.464113541162,-0.11458102695123
2025-11-05 03:00:00,12.3,NO2,LB4,Nitrogen Dioxide,Lambeth - Brixton Road,Kerbside,51.464113541162,-0.11458102695123
2025-11-05 04:00:00,11.1,NO2,LB4,Nitrogen Dioxide,Lambeth - Brixton Road,Kerbside,51.464113541162,-0.11458102695123
2025-11-05 05:00:00,20.2,NO2,LB4,Nitrogen Dioxide,Lambeth - Brixton Road,Kerbside,51.464113541162,-0.11458102695123
2025-11-05 06:00:00,38.3,NO2,LB4,Nitrogen Dioxide,Lambeth - Brixton Road,Kerbside,51.464113541162,-0.11458102695123
2025-11-05 07:00:00,54.4,NO2,LB4,Nitrogen Dioxide,Lambeth - Brixton Road,Kerbside,51.464113541162,-0.11458102695123
2025-11-05 08:00:00,26.6,NO2,LB4,Nitrogen Dioxide,Lambeth - Brixton Road,Kerbside,51.464113541162,-0.11458102695123
2025-11-05 09:00:00,26.5,NO2,LB4,Nitrogen Dioxide,Lambeth - Brixton Road,Kerbside,51.464113541162,-0.11458102695123
2025-11-05 10:00:00,22.4,NO2,LB4,Nitrogen Dioxide,Lambeth - Brixton Road,Kerbside,51.464113541162,-0.11458102695123
2025-11-05 11:00:00,29.3,NO2,LB4,Nitrogen Dioxide,Lambeth - Brixton Road,Kerbside,51.464113541162,-0.11458102695123
2025-11-05 12:00:00,31.9,NO2,LB4,Nitrogen Dioxide,Lambeth - Brixton Road,Kerbside,51.464113541162,-0.11458102695123
2025-11-05 13:00:00,19.7,NO2,LB4,Nitrogen Dioxide,Lambeth - Brixton Road,Kerbside,51.464113541162,-0.11458102695123
2025-11-05 14:00:00,20.0,NO2,LB4,Nitrogen Dioxide,Lambeth - Brixton Road,Kerbside,51.464113541162,-0.11458102695123
2025-11-05 15:00:00,28.6,NO2,LB4,Nitrogen Dioxide,Lambeth - Brixton Road,Kerbside,51.464113541162,-0.11458102695123
2025-11-05 16:00:00,28.8,NO2,LB4,Nitrogen Dioxide,Lambeth - Brixton Road,Kerbside,51.464113541162,-0.11458102695123
2025-11-05 17:00:00,31.7,NO2,LB4,Nitrogen Dioxide,Lambeth - Brixton Road,Kerbside,51.464113541162,-0.11458102695123
2025-11-05 18:00:00,59.9,NO2,LB4,Nitrogen Dioxide,Lambeth - Brixton Road,Kerbside,51.464113541162,-0.11458102695123
2025-11-05 19:00:00,40.6,NO2,LB4,Nitrogen Dioxide,Lambeth - Brixton Road,Kerbside,51.464113541162,-0.11458102695123
2025-11-05 20:00:00,42.9,NO2,LB4,Nitrogen Dioxide,Lambeth - Brixton Road,Kerbside,51.464113541162,-0.11458102695123
2025-11-05 21:00:00,22.1,NO2,LB4,Nitrogen Dioxide,Lambeth - Brixton Road,Kerbside,51.464113541162,-0.11458102695123
2025-11-05 22:00:00,43.9,NO2,LB4,Nitrogen Dioxide,Lambeth - Brixton Road,Kerbside,51.464113541162,-0.11458102695123
2025-11-05 23:00:00,28.0,NO2,LB4,Nitrogen Dioxide,Lambeth - Brixton Road,Kerbside,51.464113541162,-0.11458102695123
2025-11-06 00:00:00,44.2,NO2,LB4,Nitrogen Dioxide,Lambeth - Brixton Road,Kerbside,51.464113541162,-0.11458102695123
2025-11-06 01:00:00,21.1,NO2,LB4,Nitrogen Dioxide,Lambeth - Brixton Road,Kerbside,51.464113541162,-0.11458102695123
2025-11-06 02:00:00,12.9,NO2,LB4,Nitrogen Dioxide,Lambeth - Brixton Road,Kerbside,51.464113541162,-0.11458102695123
2025-11-06 03:00:00,10.7,NO2,LB4,Nitrogen Dioxide,Lambeth - Brixton Road,Kerbside,51.464113541162,-0.11458102695123
2025-11-06 04:00:00,17.3,NO2,LB4,Nitrogen Dioxide,Lambeth - Brixton Road,Kerbside,51.464113541162,-0.11458102695123
2025-11-06 05:00:00,39.2,NO2,LB4,Nitrogen Dioxide,Lambeth - Brixton Road,Kerbside,51.464113541162,-0.11458102695123
2025-11-06 06:00:00,63.1,NO2,LB4,Nitrogen Dioxide,Lambeth - Brixton Road,Kerbside,51.464113541162,-0.11458102695123
2025-11-06 07:00:00,54.7,NO2,LB4,Nitrogen Dioxide,Lambeth - Brixton Road,Kerbside,51.464113541162,-0.11458102695123
2025-11-06 08:00:00,69.4,NO2,LB4,Nitrogen Dioxide,Lambeth - Brixton Road,Kerbside,51.464113541162,-0.11458102695123
2025-11-06 09:00:00,54.1,NO2,LB4,Nitrogen Dioxide,Lambeth - Brixton Road,Kerbside,51.464113541162,-0.11458102695123
2025-11-06 10:00:00,54.9,NO2,LB4,Nitrogen Dioxide,Lambeth - Brixton Road,Kerbside,51.464113541162,-0.11458102695123
2025-11-06 11:00:00,57.8,NO2,LB4,Nitrogen Dioxide,Lambeth - Brixton Road,Kerbside,51.464113541162,-0.11458102695123
2025-11-06 12:00:00,41.0,NO2,LB4,Nitrogen Dioxide,Lambeth - Brixton Road,Kerbside,51.464113541162,-0.11458102695123
2025-11-06 13:00:00,47.7,NO2,LB4,Nitrogen Dioxide,Lambeth - Brixton Road,Kerbside,51.464113541162,-0.11458102695123
2025-11-06 14:00:00,55.2,NO2,LB4,Nitrogen Dioxide,Lambeth - Brixton Road,Kerbside,51.464113541162,-0.11458102695123
2025-11-06 15:00:00,52.7,NO2,LB4,Nitrogen Dioxide,Lambeth - Brixton Road,Kerbside,51.464113541162,-0.11458102695123
2025-11-06 16:00:00,79.0,NO2,LB4,Nitrogen Dioxide,Lambeth - Brixton Road,Kerbside,51.464113541162,-0.11458102695123
2025-11-06 17:00:00,74.9,NO2,LB4,Nitrogen Dioxide,Lambeth - Brixton Road,Kerbside,51.464113541162,-0.11458102695123
2025-11-06 18:00:00,98.6,NO2,LB4,Nitrogen Dioxide,Lambeth - Brixton Road,Kerbside,51.464113541162,-0.11458102695123
2025-11-06 19:00:00,75.4,NO2,LB4,Nitrogen Dioxide,Lambeth - Brixton Road,Kerbside,51.464113541162,-0.11458102695123
2025-11-06 20:00:00,65.8,NO2,LB4,Nitrogen Dioxide,Lambeth - Brixton Road,Kerbside,51.464113541162,-0.11458102695123
2025-11-06 21:00:00,58.9,NO2,LB4,Nitrogen Dioxide,Lambeth - Brixton Road,Kerbside,51.464113541162,-0.11458102695123
2025-11-06 22:00:00,44.3,NO2,LB4,Nitrogen Dioxide,Lambeth - Brixton Road,Kerbside,51.464113541162,-0.11458102695123
2025-11-06 23:00:00,54.5,NO2,LB4,Nitrogen Dioxide,Lambeth - Brixton Road,Kerbside,51.464113541162,-0.11458102695123
2025-11-07 00:00:00,32.7,NO2,LB4,Nitrogen Dioxide,Lambeth - Brixton Road,Kerbside,51.464113541162,-0.11458102695123
2025-11-07 01:00:00,23.1,NO2,LB4,Nitrogen Dioxide,Lambeth - Brixton Road,Kerbside,51.464113541162,-0.11458102695123
2025-11-07 02:00:00,20.8,NO2,LB4,Nitrogen Dioxide,Lambeth - Brixton Road,Kerbside,51.464113541162,-0.11458102695123
2025-11-07 03:00:00,19.5,NO2,LB4,Nitrogen Dioxide,Lambeth - Brixton Road,Kerbside,51.464113541162,-0.11458102695123
2025-11-07 04:00:00,26.0,NO2,LB4,Nitrogen Dioxide,Lambeth - Brixton Road,Kerbside,51.464113541162,-0.11458102695123
2025-11-07 05:00:00,34.1,NO2,LB4,Nitrogen Dioxide,Lambeth - Brixton Road,Kerbside,51.464113541162,-0.11458102695123
2025-11-07 06:00:00,39.9,NO2,LB4,Nitrogen Dioxide,Lambeth - Brixton Road,Kerbside,51.464113541162,-0.11458102695123
2025-11-07 07:00:00,29.3,NO2,LB4,Nitrogen Dioxide,Lambeth - Brixton Road,Kerbside,51.464113541162,-0.11458102695123
2025-11-07 08:00:00,27.6,NO2,LB4,Nitrogen Dioxide,Lambeth - Brixton Road,Kerbside,51.464113541162,-0.11458102695123
2025-11-07 09:00:00,27.5,NO2,LB4,Nitrogen Dioxide,Lambeth - Brixton Road,Kerbside,51.464113541162,-0.11458102695123
2025-11-07 10:00:00,27.7,NO2,LB4,Nitrogen Dioxide,Lambeth - Brixton Road,Kerbside,51.464113541162,-0.11458102695123
2025-11-07 11:00:00,15.8,NO2,LB4,Nitrogen Dioxide,Lambeth - Brixton Road,Kerbside,51.464113541162,-0.11458102695123
2025-11-07 12:00:00,16.4,NO2,LB4,Nitrogen Dioxide,Lambeth - Brixton Road,Kerbside,51.464113541162,-0.11458102695123
2025-11-07 13:00:00,39.3,NO2,LB4,Nitrogen Dioxide,Lambeth - Brixton Road,Kerbside,51.464113541162,-0.11458102695123
2025-11-07 14:00:00,58.5,NO2,LB4,Nitrogen Dioxide,Lambeth - Brixton Road,Kerbside,51.464113541162,-0.11458102695123
2025-11-07 15:00:00,47.8,NO2,LB4,Nitrogen Dioxide,Lambeth - Brixton Road,Kerbside,51.464113541162,-0.11458102695123
2025-11-07 16:00:00,31.3,NO2,LB4,Nitrogen Dioxide,Lambeth - Brixton Road,Kerbside,51.464113541162,-0.11458102695123
2025-11-07 17:00:00,31.7,NO2,LB4,Nitrogen Dioxide,Lambeth - Brixton Road,Kerbside,51.464113541162,-0.11458102695123
2025-11-07 18:00:00,37.7,NO2,LB4,Nitrogen Dioxide,Lambeth - Brixton Road,Kerbside,51.464113541162,-0.11458102695123
2025-11-07 19:00:00,45.8,NO2,LB4,Nitrogen Dioxide,Lambeth - Brixton Road,Kerbside,51.464113541162,-0.11458102695123
2025-11-07 20:00:00,28.8,NO2,LB4,Nitrogen Dioxide,Lambeth - Brixton Road,Kerbside,51.464113541162,-0.11458102695123
2025-11-07 21:00:00,37.5,NO2,LB4,Nitrogen Dioxide,Lambeth - Brixton Road,Kerbside,51.464113541162,-0.11458102695123
2025-11-07 22:00:00,29.0,NO2,LB4,Nitrogen Dioxide,Lambeth - Brixton Road,Kerbside,51.464113541162,-0.11458102695123
2025-11-07 23:00:00,36.3,NO2,LB4,Nitrogen Dioxide,Lambeth - Brixton Road,Kerbside,51.464113541162,-0.11458102695123
2025-11-08 00:00:00,50.7,NO2,LB4,Nitrogen Dioxide,Lambeth - Brixton Road,Kerbside,51.464113541162,-0.11458102695123
2025-11-08 01:00:00,26.3,NO2,LB4,Nitrogen Dioxide,Lambeth - Brixton Road,Kerbside,51.464113541162,-0.11458102695123
2025-11-08 02:00:00,30.8,NO2,LB4,Nitrogen Dioxide,Lambeth - Brixton Road,Kerbside,51.464113541162,-0.11458102695123
2025-11-08 03:00:00,16.2,NO2,LB4,Nitrogen Dioxide,Lambeth - Brixton Road,Kerbside,51.464113541162,-0.11458102695123
2025-11-08 04:00:00,18.7,NO2,LB4,Nitrogen Dioxide,Lambeth - Brixton Road,Kerbside,51.464113541162,-0.11458102695123
2025-11-08 05:00:00,20.9,NO2,LB4,Nitrogen Dioxide,Lambeth - Brixton Road,Kerbside,51.464113541162,-0.11458102695123
2025-11-08 06:00:00,23.2,NO2,LB4,Nitrogen Dioxide,Lambeth - Brixton Road,Kerbside,51.464113541162,-0.11458102695123
2025-11-08 07:00:00,28.2,NO2,LB4,Nitrogen Dioxide,Lambeth - Brixton Road,Kerbside,51.464113541162,-0.11458102695123
2025-11-08 08:00:00,35.7,NO2,LB4,Nitrogen Dioxide,Lambeth - Brixton Road,Kerbside,51.464113541162,-0.11458102695123
2025-11-08 09:00:00,65.7,NO2,LB4,Nitrogen Dioxide,Lambeth - Brixton Road,Kerbside,51.464113541162,-0.11458102695123
2025-11-08 10:00:00,39.7,NO2,LB4,Nitrogen Dioxide,Lambeth - Brixton Road,Kerbside,51.464113541162,-0.11458102695123
2025-11-08 11:00:00,74.0,NO2,LB4,Nitrogen Dioxide,Lambeth - Brixton Road,Kerbside,51.464113541162,-0.11458102695123
2025-11-08 12:00:00,48.8,NO2,LB4,Nitrogen Dioxide,Lambeth - Brixton Road,Kerbside,51.464113541162,-0.11458102695123
2025-11-08 13:00:00,75.8,NO2,LB4,Nitrogen Dioxide,Lambeth - Brixton Road,Kerbside,51.464113541162,-0.11458102695123
2025-11-08 14:00:00,71.4,NO2,LB4,Nitrogen Dioxide,Lambeth - Brixton Road,Kerbside,51.464113541162,-0.11458102695123
2025-11-08 15:00:00,41.6,NO2,LB4,Nitrogen Dioxide,Lambeth - Brixton Road,Kerbside,51.464113541162,-0.11458102695123
2025-11-08 16:00:00,70.7,NO2,LB4,Nitrogen Dioxide,Lambeth - Brixton Road,Kerbside,51.464113541162,-0.11458102695123
2025-11-08 17:00:00,54.2,NO2,LB4,Nitrogen Dioxide,Lambeth - Brixton Road,Kerbside,51.464113541162,-0.11458102695123
2025-11-08 18:00:00,86.0,NO2,LB4,Nitrogen Dioxide,Lambeth - Brixton Road,Kerbside,51.464113541162,-0.11458102695123
2025-11-08 19:00:00,80.3,NO2,LB4,Nitrogen Dioxide,Lambeth - Brixton Road,Kerbside,51.464113541162,-0.11458102695123
2025-11-08 20:00:00,74.9,NO2,LB4,Nitrogen Dioxide,Lambeth - Brixton Road,Kerbside,51.464113541162,-0.11458102695123
2025-11-08 21:00:00,69.6,NO2,LB4,Nitrogen Dioxide,Lambeth - Brixton Road,Kerbside,51.464113541162,-0.11458102695123
2025-11-08 22:00:00,60.5,NO2,LB4,Nitrogen Dioxide,Lambeth - Brixton Road,Kerbside,51.464113541162,-0.11458102695123
2025-11-08 23:00:00,59.0,NO2,LB4,Nitrogen Dioxide,Lambeth - Brixton Road,Kerbside,51.464113541162,-0.11458102695123
2025-11-09 00:00:00,51.2,NO2,LB4,Nitrogen Dioxide,Lambeth - Brixton Road,Kerbside,51.464113541162,-0.11458102695123
2025-11-09 01:00:00,51.9,NO2,LB4,Nitrogen Dioxide,Lambeth - Brixton Road,Kerbside,51.464113541162,-0.11458102695123
2025-11-09 02:00:00,53.8,NO2,LB4,Nitrogen Dioxide,Lambeth - Brixton Road,Kerbside,51.464113541162,-0.11458102695123
2025-11-09 03:00:00,41.8,NO2,LB4,Nitrogen Dioxide,Lambeth - Brixton Road,Kerbside,51.464113541162,-0.11458102695123
2025-11-09 04:00:00,43.3,NO2,LB4,Nitrogen Dioxide,Lambeth - Brixton Road,Kerbside,51.464113541162,-0.11458102695123
2025-11-09 05:00:00,41.5,NO2,LB4,Nitrogen Dioxide,Lambeth - Brixton Road,Kerbside,51.464113541162,-0.11458102695123
2025-11-09 06:00:00,48.1,NO2,LB4,Nitrogen Dioxide,Lambeth - Brixton Road,Kerbside,51.464113541162,-0.11458102695123
2025-11-09 07:00:00,48.9,NO2,LB4,Nitrogen Dioxide,Lambeth - Brixton Road,Kerbside,51.464113541162,-0.11458102695123
2025-11-09 08:00:00,47.1,NO2,LB4,Nitrogen Dioxide,Lambeth - Brixton Road,Kerbside,51.464113541162,-0.11458102695123
2025-11-09 09:00:00,48.4,NO2,LB4,Nitrogen Dioxide,Lambeth - Brixton Road,Kerbside,51.464113541162,-0.11458102695123
2025-11-09 10:00:00,41.1,NO2,LB4,Nitrogen Dioxide,Lambeth - Brixton Road,Kerbside,51.464113541162,-0.11458102695123
2025-11-09 11:00:00,26.6,NO2,LB4,Nitrogen Dioxide,Lambeth - Brixton Road,Kerbside,51.464113541162,-0.11458102695123
2025-11-09 12:00:00,45.0,NO2,LB4,Nitrogen Dioxide,Lambeth - Brixton Road,Kerbside,51.464113541162,-0.11458102695123
2025-11-09 13:00:00,33.8,NO2,LB4,Nitrogen Dioxide,Lambeth - Brixton Road,Kerbside,51.464113541162,-0.11458102695123
2025-11-09 14:00:00,42.6,NO2,LB4,Nitrogen Dioxide,Lambeth - Brixton Road,Kerbside,51.464113541162,-0.11458102695123
2025-11-09 15:00:00,47.0,NO2,LB4,Nitrogen Dioxide,Lambeth - Brixton Road,Kerbside,51.464113541162,-0.11458102695123
2025-11-09 16:00:00,39.4,NO2,LB4,Nitrogen Dioxide,Lambeth - Brixton Road,Kerbside,51.464113541162,-0.11458102695123
2025-11-09 17:00:00,27.3,NO2,LB4,Nitrogen Dioxide,Lambeth - Brixton Road,Kerbside,51.464113541162,-0.11458102695123
2025-11-09 18:00:00,41.1,NO2,LB4,Nitrogen Dioxide,Lambeth - Brixton Road,Kerbside,51.464113541162,-0.11458102695123
2025-11-09 19:00:00,29.7,NO2,LB4,Nitrogen Dioxide,Lambeth - Brixton Road,Kerbside,51.464113541162,-0.11458102695123
2025-11-09 20:00:00,28.0,NO2,LB4,Nitrogen Dioxide,Lambeth - Brixton Road,Kerbside,51.464113541162,-0.11458102695123
2025-11-09 21:00:00,22.3,NO2,LB4,Nitrogen Dioxide,Lambeth - Brixton Road,Kerbside,51.464113541162,-0.11458102695123
2025-11-09 22:00:00,18.2,NO2,LB4,Nitrogen Dioxide,Lambeth - Brixton Road,Kerbside,51.464113541162,-0.11458102695123
2025-11-09 23:00:00,17.8,NO2,LB4,Nitrogen Dioxide,Lambeth - Brixton Road,Kerbside,51.464113541162,-0.11458102695123
2025-11-10 00:00:00,19.0,NO2,LB4,Nitrogen Dioxide,Lambeth - Brixton Road,Kerbside,51.464113541162,-0.11458102695123
2025-11-10 01:00:00,18.3,NO2,LB4,Nitrogen Dioxide,Lambeth - Brixton Road,Kerbside,51.464113541162,-0.11458102695123
2025-11-10 02:00:00,6.8,NO2,LB4,Nitrogen Dioxide,Lambeth - Brixton Road,Kerbside,51.464113541162,-0.11458102695123
2025-11-10 03:00:00,5.6,NO2,LB4,Nitrogen Dioxide,Lambeth - Brixton Road,Kerbside,51.464113541162,-0.11458102695123
2025-11-10 04:00:00,8.5,NO2,LB4,Nitrogen Dioxide,Lambeth - Brixton Road,Kerbside,51.464113541162,-0.11458102695123
2025-11-10 05:00:00,24.4,NO2,LB4,Nitrogen Dioxide,Lambeth - Brixton Road,Kerbside,51.464113541162,-0.11458102695123
2025-11-10 06:00:00,50.8,NO2,LB4,Nitrogen Dioxide,Lambeth - Brixton Road,Kerbside,51.464113541162,-0.11458102695123
2025-11-10 07:00:00,76.4,NO2,LB4,Nitrogen Dioxide,Lambeth - Brixton Road,Kerbside,51.464113541162,-0.11458102695123
2025-11-10 08:00:00,49.1,NO2,LB4,Nitrogen Dioxide,Lambeth - Brixton Road,Kerbside,51.464113541162,-0.11458102695123
2025-11-10 09:00:00,32.0,NO2,LB4,Nitrogen Dioxide,Lambeth - Brixton Road,Kerbside,51.464113541162,-0.11458102695123
2025-11-10 10:00:00,30.6,NO2,LB4,Nitrogen Dioxide,Lambeth - Brixton Road,Kerbside,51.464113541162,-0.11458102695123
2025-11-10 11:00:00,37.8,NO2,LB4,Nitrogen Dioxide,Lambeth - Brixton Road,Kerbside,51.464113541162,-0.11458102695123
2025-11-10 12:00:00,36.9,NO2,LB4,Nitrogen Dioxide,Lambeth - Brixton Road,Kerbside,51.464113541162,-0.11458102695123
2025-11-10 13:00:00,57.1,NO2,LB4,Nitrogen Dioxide,Lambeth - Brixton Road,Kerbside,51.464113541162,-0.11458102695123
2025-11-10 14:00:00,75.9,NO2,LB4,Nitrogen Dioxide,Lambeth - Brixton Road,Kerbside,51.464113541162,-0.11458102695123
2025-11-10 15:00:00,54.6,NO2,LB4,Nitrogen Dioxide,Lambeth - Brixton Road,Kerbside,51.464113541162,-0.11458102695123
2025-11-10 16:00:00,75.3,NO2,LB4,Nitrogen Dioxide,Lambeth - Brixton Road,Kerbside,51.464113541162,-0.11458102695123
2025-11-10 17:00:00,80.2,NO2,LB4,Nitrogen Dioxide,Lambeth - Brixton Road,Kerbside,51.464113541162,-0.11458102695123
2025-11-10 18:00:00,74.0,NO2,LB4,Nitrogen Dioxide,Lambeth - Brixton Road,Kerbside,51.464113541162,-0.11458102695123
2025-11-10 19:00:00,44.0,NO2,LB4,Nitrogen Dioxide,Lambeth - Brixton Road,Kerbside,51.464113541162,-0.11458102695123
2025-11-10 20:00:00,66.5,NO2,LB4,Nitrogen Dioxide,Lambeth - Brixton Road,Kerbside,51.464113541162,-0.11458102695123
2025-11-10 21:00:00,46.5,NO2,LB4,Nitrogen Dioxide,Lambeth - Brixton Road,Kerbside,51.464113541162,-0.11458102695123
2025-11-10 22:00:00,31.4,NO2,LB4,Nitrogen Dioxide,Lambeth - Brixton Road,Kerbside,51.464113541162,-0.11458102695123
2025-11-10 23:00:00,41.1,NO2,LB4,Nitrogen Dioxide,Lambeth - Brixton Road,Kerbside,51.464113541162,-0.11458102695123
2025-11-11 00:00:00,31.5,NO2,LB4,Nitrogen Dioxide,Lambeth - Brixton Road,Kerbside,51.464113541162,-0.11458102695123
2025-11-11 01:00:00,33.5,NO2,LB4,Nitrogen Dioxide,Lambeth - Brixton Road,Kerbside,51.464113541162,-0.11458102695123
2025-11-11 02:00:00,23.7,NO2,LB4,Nitrogen Dioxide,Lambeth - Brixton Road,Kerbside,51.464113541162,-0.11458102695123
2025-11-11 03:00:00,22.5,NO2,LB4,Nitrogen Dioxide,Lambeth - Brixton Road,Kerbside,51.464113541162,-0.11458102695123
2025-11-11 04:00:00,22.9,NO2,LB4,Nitrogen Dioxide,Lambeth - Brixton Road,Kerbside,51.464113541162,-0.11458102695123
2025-11-11 05:00:00,31.9,NO2,LB4,Nitrogen Dioxide,Lambeth - Brixton Road,Kerbside,51.464113541162,-0.11458102695123
2025-11-11 06:00:00,52.0,NO2,LB4,Nitrogen Dioxide,Lambeth - Brixton Road,Kerbside,51.464113541162,-0.11458102695123
2025-11-11 07:00:00,58.1,NO2,LB4,Nitrogen Dioxide,Lambeth - Brixton Road,Kerbside,51.464113541162,-0.11458102695123
2025-11-11 08:00:00,49.4,NO2,LB4,Nitrogen Dioxide,Lambeth - Brixton Road,Kerbside,51.464113541162,-0.11458102695123
2025-11-11 09:00:00,48.0,NO2,LB4,Nitrogen Dioxide,Lambeth - Brixton Road,Kerbside,51.464113541162,-0.11458102695123
2025-11-11 10:00:00,56.7,NO2,LB4,Nitrogen Dioxide,Lambeth - Brixton Road,Kerbside,51.464113541162,-0.11458102695123
2025-11-11 11:00:00,48.6,NO2,LB4,Nitrogen Dioxide,Lambeth - Brixton Road,Kerbside,51.464113541162,-0.11458102695123
2025-11-11 12:00:00,66.3,NO2,LB4,Nitrogen Dioxide,Lambeth - Brixton Road,Kerbside,51.464113541162,-0.11458102695123
2025-11-11 13:00:00,42.3,NO2,LB4,Nitrogen Dioxide,Lambeth - Brixton Road,Kerbside,51.464113541162,-0.11458102695123
2025-11-11 14:00:00,42.8,NO2,LB4,Nitrogen Dioxide,Lambeth - Brixton Road,Kerbside,51.464113541162,-0.11458102695123
2025-11-11 15:00:00,25.6,NO2,LB4,Nitrogen Dioxide,Lambeth - Brixton Road,Kerbside,51.464113541162,-0.11458102695123
2025-11-11 16:00:00,30.5,NO2,LB4,Nitrogen Dioxide,Lambeth - Brixton Road,Kerbside,51.464113541162,-0.11458102695123
2025-11-11 17:00:00,31.2,NO2,LB4,Nitrogen Dioxide,Lambeth - Brixton Road,Kerbside,51.464113541162,-0.11458102695123
2025-11-11 18:00:00,24.1,NO2,LB4,Nitrogen Dioxide,Lambeth - Brixton Road,Kerbside,51.464113541162,-0.11458102695123
2025-11-11 19:00:00,24.6,NO2,LB4,Nitrogen Dioxide,Lambeth - Brixton Road,Kerbside,51.464113541162,-0.11458102695123
2025-11-11 20:00:00,29.1,NO2,LB4,Nitrogen Dioxide,Lambeth - Brixton Road,Kerbside,51.464113541162,-0.11458102695123
2025-11-11 21:00:00,27.4,NO2,LB4,Nitrogen Dioxide,Lambeth - Brixton Road,Kerbside,51.464113541162,-0.11458102695123
2025-11-11 22:00:00,25.8,NO2,LB4,Nitrogen Dioxide,Lambeth - Brixton Road,Kerbside,51.464113541162,-0.11458102695123
2025-11-11 23:00:00,31.1,NO2,LB4,Nitrogen Dioxide,Lambeth - Brixton Road,Kerbside,51.464113541162,-0.11458102695123
2025-11-12 00:00:00,26.4,NO2,LB4,Nitrogen Dioxide,Lambeth - Brixton Road,Kerbside,51.464113541162,-0.11458102695123
2025-11-12 01:00:00,13.1,NO2,LB4,Nitrogen Dioxide,Lambeth - Brixton Road,Kerbside,51.464113541162,-0.11458102695123
2025-11-12 02:00:00,11.9,NO2,LB4,Nitrogen Dioxide,Lambeth - Brixton Road,Kerbside,51.464113541162,-0.11458102695123
2025-11-12 03:00:00,13.9,NO2,LB4,Nitrogen Dioxide,Lambeth - Brixton Road,Kerbside,51.464113541162,-0.11458102695123
2025-11-12 04:00:00,16.0,NO2,LB4,Nitrogen Dioxide,Lambeth - Brixton Road,Kerbside,51.464113541162,-0.11458102695123
2025-11-12 05:00:00,27.6,NO2,LB4,Nitrogen Dioxide,Lambeth - Brixton Road,Kerbside,51.464113541162,-0.11458102695123
2025-11-12 06:00:00,41.8,NO2,LB4,Nitrogen Dioxide,Lambeth - Brixton Road,Kerbside,51.464113541162,-0.11458102695123
2025-11-12 07:00:00,48.1,NO2,LB4,Nitrogen Dioxide,Lambeth - Brixton Road,Kerbside,51.464113541162,-0.11458102695123
2025-11-12 08:00:00,50.1,NO2,LB4,Nitrogen Dioxide,Lambeth - Brixton Road,Kerbside,51.464113541162,-0.11458102695123
2025-11-12 09:00:00,41.2,NO2,LB4,Nitrogen Dioxide,Lambeth - Brixton Road,Kerbside,51.464113541162,-0.11458102695123
2025-11-12 10:00:00,31.9,NO2,LB4,Nitrogen Dioxide,Lambeth - Brixton Road,Kerbside,51.464113541162,-0.11458102695123
2025-11-12 11:00:00,36.5,NO2,LB4,Nitrogen Dioxide,Lambeth - Brixton Road,Kerbside,51.464113541162,-0.11458102695123
2025-11-12 12:00:00,32.9,NO2,LB4,Nitrogen Dioxide,Lambeth - Brixton Road,Kerbside,51.464113541162,-0.11458102695123
2025-11-12 13:00:00,45.8,NO2,LB4,Nitrogen Dioxide,Lambeth - Brixton Road,Kerbside,51.464113541162,-0.11458102695123
2025-11-12 14:00:00,47.7,NO2,LB4,Nitrogen Dioxide,Lambeth - Brixton Road,Kerbside,51.464113541162,-0.11458102695123
2025-11-12 15:00:00,46.7,NO2,LB4,Nitrogen Dioxide,Lambeth - Brixton Road,Kerbside,51.464113541162,-0.11458102695123
2025-11-12 16:00:00,47.5,NO2,LB4,Nitrogen Dioxide,Lambeth - Brixton Road,Kerbside,51.464113541162,-0.11458102695123
2025-11-12 17:00:00,44.3,NO2,LB4,Nitrogen Dioxide,Lambeth - Brixton Road,Kerbside,51.464113541162,-0.11458102695123
2025-11-12 18:00:00,61.1,NO2,LB4,Nitrogen Dioxide,Lambeth - Brixton Road,Kerbside,51.464113541162,-0.11458102695123
2025-11-12 19:00:00,52.8,NO2,LB4,Nitrogen Dioxide,Lambeth - Brixton Road,Kerbside,51.464113541162,-0.11458102695123
2025-11-12 20:00:00,36.7,NO2,LB4,Nitrogen Dioxide,Lambeth - Brixton Road,Kerbside,51.464113541162,-0.11458102695123
2025-11-12 21:00:00,30.4,NO2,LB4,Nitrogen Dioxide,Lambeth - Brixton Road,Kerbside,51.464113541162,-0.11458102695123
2025-11-12 22:00:00,30.9,NO2,LB4,Nitrogen Dioxide,Lambeth - Brixton Road,Kerbside,51.464113541162,-0.11458102695123
2025-11-12 23:00:00,36.9,NO2,LB4,Nitrogen Dioxide,Lambeth - Brixton Road,Kerbside,51.464113541162,-0.11458102695123
2025-11-13 00:00:00,33.0,NO2,LB4,Nitrogen Dioxide,Lambeth - Brixton Road,Kerbside,51.464113541162,-0.11458102695123
2025-11-13 01:00:00,26.0,NO2,LB4,Nitrogen Dioxide,Lambeth - Brixton Road,Kerbside,51.464113541162,-0.11458102695123
2025-11-13 02:00:00,14.3,NO2,LB4,Nitrogen Dioxide,Lambeth - Brixton Road,Kerbside,51.464113541162,-0.11458102695123
2025-11-13 03:00:00,11.7,NO2,LB4,Nitrogen Dioxide,Lambeth - Brixton Road,Kerbside,51.464113541162,-0.11458102695123
2025-11-13 04:00:00,18.8,NO2,LB4,Nitrogen Dioxide,Lambeth - Brixton Road,Kerbside,51.464113541162,-0.11458102695123
2025-11-13 05:00:00,54.6,NO2,LB4,Nitrogen Dioxide,Lambeth - Brixton Road,Kerbside,51.464113541162,-0.11458102695123
2025-11-13 06:00:00,71.1,NO2,LB4,Nitrogen Dioxide,Lambeth - Brixton Road,Kerbside,51.464113541162,-0.11458102695123
2025-11-13 07:00:00,68.7,NO2,LB4,Nitrogen Dioxide,Lambeth - Brixton Road,Kerbside,51.464113541162,-0.11458102695123
2025-11-13 08:00:00,64.2,NO2,LB4,Nitrogen Dioxide,Lambeth - Brixton Road,Kerbside,51.464113541162,-0.11458102695123
2025-11-13 09:00:00,93.4,NO2,LB4,Nitrogen Dioxide,Lambeth - Brixton Road,Kerbside,51.464113541162,-0.11458102695123
2025-11-13 10:00:00,38.1,NO2,LB4,Nitrogen Dioxide,Lambeth - Brixton Road,Kerbside,51.464113541162,-0.11458102695123
2025-11-13 11:00:00,83.9,NO2,LB4,Nitrogen Dioxide,Lambeth - Brixton Road,Kerbside,51.464113541162,-0.11458102695123
2025-11-13 12:00:00,48.3,NO2,LB4,Nitrogen Dioxide,Lambeth - Brixton Road,Kerbside,51.464113541162,-0.11458102695123
2025-11-13 13:00:00,66.3,NO2,LB4,Nitrogen Dioxide,Lambeth - Brixton Road,Kerbside,51.464113541162,-0.11458102695123
2025-11-13 14:00:00,82.8,NO2,LB4,Nitrogen Dioxide,Lambeth - Brixton Road,Kerbside,51.464113541162,-0.11458102695123
2025-11-13 15:00:00,51.9,NO2,LB4,Nitrogen Dioxide,Lambeth - Brixton Road,Kerbside,51.464113541162,-0.11458102695123
2025-11-13 16:00:00,90.1,NO2,LB4,Nitrogen Dioxide,Lambeth - Brixton Road,Kerbside,51.464113541162,-0.11458102695123
2025-11-13 17:00:00,50.5,NO2,LB4,Nitrogen Dioxide,Lambeth - Brixton Road,Kerbside,51.464113541162,-0.11458102695123
2025-11-13 18:00:00,56.2,NO2,LB4,Nitrogen Dioxide,Lambeth - Brixton Road,Kerbside,51.464113541162,-0.11458102695123
2025-11-13 19:00:00,66.1,NO2,LB4,Nitrogen Dioxide,Lambeth - Brixton Road,Kerbside,51.464113541162,-0.11458102695123
2025-11-13 20:00:00,84.4,NO2,LB4,Nitrogen Dioxide,Lambeth - Brixton Road,Kerbside,51.464113541162,-0.11458102695123
2025-11-13 21:00:00,41.1,NO2,LB4,Nitrogen Dioxide,Lambeth - Brixton Road,Kerbside,51.464113541162,-0.11458102695123
2025-11-13 22:00:00,48.0,NO2,LB4,Nitrogen Dioxide,Lambeth - Brixton Road,Kerbside,51.464113541162,-0.11458102695123
2025-11-13 23:00:00,45.5,NO2,LB4,Nitrogen Dioxide,Lambeth - Brixton Road,Kerbside,51.464113541162,-0.11458102695123
2025-11-14 00:00:00,36.7,NO2,LB4,Nitrogen Dioxide,Lambeth - Brixton Road,Kerbside,51.464113541162,-0.11458102695123
2025-11-14 01:00:00,28.2,NO2,LB4,Nitrogen Dioxide,Lambeth - Brixton Road,Kerbside,51.464113541162,-0.11458102695123
2025-11-14 02:00:00,30.2,NO2,LB4,Nitrogen Dioxide,Lambeth - Brixton Road,Kerbside,51.464113541162,-0.11458102695123
2025-11-14 03:00:00,32.3,NO2,LB4,Nitrogen Dioxide,Lambeth - Brixton Road,Kerbside,51.464113541162,-0.11458102695123
2025-11-14 04:00:00,29.5,NO2,LB4,Nitrogen Dioxide,Lambeth - Brixton Road,Kerbside,51.464113541162,-0.11458102695123
2025-11-14 05:00:00,40.0,NO2,LB4,Nitrogen Dioxide,Lambeth - Brixton Road,Kerbside,51.464113541162,-0.11458102695123
2025-11-14 06:00:00,55.4,NO2,LB4,Nitrogen Dioxide,Lambeth - Brixton Road,Kerbside,51.464113541162,-0.11458102695123
2025-11-14 07:00:00,59.3,NO2,LB4,Nitrogen Dioxide,Lambeth - Brixton Road,Kerbside,51.464113541162,-0.11458102695123
2025-11-14 08:00:00,55.1,NO2,LB4,Nitrogen Dioxide,Lambeth - Brixton Road,Kerbside,51.464113541162,-0.11458102695123
2025-11-14 09:00:00,61.8,NO2,LB4,Nitrogen Dioxide,Lambeth - Brixton Road,Kerbside,51.464113541162,-0.11458102695123
2025-11-14 10:00:00,54.9,NO2,LB4,Nitrogen Dioxide,Lambeth - Brixton Road,Kerbside,51.464113541162,-0.11458102695123
2025-11-14 11:00:00,60.8,NO2,LB4,Nitrogen Dioxide,Lambeth - Brixton Road,Kerbside,51.464113541162,-0.11458102695123
2025-11-14 12:00:00,54.9,NO2,LB4,Nitrogen Dioxide,Lambeth - Brixton Road,Kerbside,51.464113541162,-0.11458102695123
2025-11-14 13:00:00,44.3,NO2,LB4,Nitrogen Dioxide,Lambeth - Brixton Road,Kerbside,51.464113541162,-0.11458102695123
2025-11-14 14:00:00,51.8,NO2,LB4,Nitrogen Dioxide,Lambeth - Brixton Road,Kerbside,51.464113541162,-0.11458102695123
2025-11-14 15:00:00,54.2,NO2,LB4,Nitrogen Dioxide,Lambeth - Brixton Road,Kerbside,51.464113541162,-0.11458102695123
2025-11-14 16:00:00,60.4,NO2,LB4,Nitrogen Dioxide,Lambeth - Brixton Road,Kerbside,51.464113541162,-0.11458102695123
2025-11-14 17:00:00,63.1,NO2,LB4,Nitrogen Dioxide,Lambeth - Brixton Road,Kerbside,51.464113541162,-0.11458102695123
2025-11-14 18:00:00,91.1,NO2,LB4,Nitrogen Dioxide,Lambeth - Brixton Road,Kerbside,51.464113541162,-0.11458102695123
2025-11-14 19:00:00,95.3,NO2,LB4,Nitrogen Dioxide,Lambeth - Brixton Road,Kerbside,51.464113541162,-0.11458102695123
2025-11-14 20:00:00,72.6,NO2,LB4,Nitrogen Dioxide,Lambeth - Brixton Road,Kerbside,51.464113541162,-0.11458102695123
2025-11-14 21:00:00,68.3,NO2,LB4,Nitrogen Dioxide,Lambeth - Brixton Road,Kerbside,51.464113541162,-0.11458102695123
2025-11-14 22:00:00,69.3,NO2,LB4,Nitrogen Dioxide,Lambeth - Brixton Road,Kerbside,51.464113541162,-0.11458102695123
2025-11-14 23:00:00,71.8,NO2,LB4,Nitrogen Dioxide,Lambeth - Brixton Road,Kerbside,51.464113541162,-0.11458102695123
2025-11-15 00:00:00,57.0,NO2,LB4,Nitrogen Dioxide,Lambeth - Brixton Road,Kerbside,51.464113541162,-0.11458102695123
2025-11-15 01:00:00,63.0,NO2,LB4,Nitrogen Dioxide,Lambeth - Brixton Road,Kerbside,51.464113541162,-0.11458102695123
2025-11-15 02:00:00,47.0,NO2,LB4,Nitrogen Dioxide,Lambeth - Brixton Road,Kerbside,51.464113541162,-0.11458102695123
2025-11-15 03:00:00,39.5,NO2,LB4,Nitrogen Dioxide,Lambeth - Brixton Road,Kerbside,51.464113541162,-0.11458102695123
2025-11-15 04:00:00,37.6,NO2,LB4,Nitrogen Dioxide,Lambeth - Brixton Road,Kerbside,51.464113541162,-0.11458102695123
2025-11-15 05:00:00,36.0,NO2,LB4,Nitrogen Dioxide,Lambeth - Brixton Road,Kerbside,51.464113541162,-0.11458102695123
2025-11-15 06:00:00,62.5,NO2,LB4,Nitrogen Dioxide,Lambeth - Brixton Road,Kerbside,51.464113541162,-0.11458102695123
2025-11-15 07:00:00,56.4,NO2,LB4,Nitrogen Dioxide,Lambeth - Brixton Road,Kerbside,51.464113541162,-0.11458102695123
2025-11-15 08:00:00,68.5,NO2,LB4,Nitrogen Dioxide,Lambeth - Brixton Road,Kerbside,51.464113541162,-0.11458102695123
2025-11-15 09:00:00,65.0,NO2,LB4,Nitrogen Dioxide,Lambeth - Brixton Road,Kerbside,51.464113541162,-0.11458102695123
2025-11-15 10:00:00,48.3,NO2,LB4,Nitrogen Dioxide,Lambeth - Brixton Road,Kerbside,51.464113541162,-0.11458102695123
2025-11-15 11:00:00,53.1,NO2,LB4,Nitrogen Dioxide,Lambeth - Brixton Road,Kerbside,51.464113541162,-0.11458102695123
2025-11-15 12:00:00,46.1,NO2,LB4,Nitrogen Dioxide,Lambeth - Brixton Road,Kerbside,51.464113541162,-0.11458102695123
2025-11-15 13:00:00,48.9,NO2,LB4,Nitrogen Dioxide,Lambeth - Brixton Road,Kerbside,51.464113541162,-0.11458102695123
2025-11-15 14:00:00,57.9,NO2,LB4,Nitrogen Dioxide,Lambeth - Brixton Road,Kerbside,51.464113541162,-0.11458102695123
2025-11-15 15:00:00,47.9,NO2,LB4,Nitrogen Dioxide,Lambeth - Brixton Road,Kerbside,51.464113541162,-0.11458102695123
2025-11-15 16:00:00,55.0,NO2,LB4,Nitrogen Dioxide,Lambeth - Brixton Road,Kerbside,51.464113541162,-0.11458102695123
2025-11-15 17:00:00,47.9,NO2,LB4,Nitrogen Dioxide,Lambeth - Brixton Road,Kerbside,51.464113541162,-0.11458102695123
2025-11-15 18:00:00,44.5,NO2,LB4,Nitrogen Dioxide,Lambeth - Brixton Road,Kerbside,51.464113541162,-0.11458102695123
2025-11-15 19:00:00,33.6,NO2,LB4,Nitrogen Dioxide,Lambeth - Brixton Road,Kerbside,51.464113541162,-0.11458102695123
2025-11-15 20:00:00,26.3,NO2,LB4,Nitrogen Dioxide,Lambeth - Brixton Road,Kerbside,51.464113541162,-0.11458102695123
2025-11-15 21:00:00,20.2,NO2,LB4,Nitrogen Dioxide,Lambeth - Brixton Road,Kerbside,51.464113541162,-0.11458102695123
2025-11-15 22:00:00,18.2,NO2,LB4,Nitrogen Dioxide,Lambeth - Brixton Road,Kerbside,51.464113541162,-0.11458102695123
2025-11-15 23:00:00,32.8,NO2,LB4,Nitrogen Dioxide,Lambeth - Brixton Road,Kerbside,51.464113541162,-0.11458102695123
2025-11-16 00:00:00,24.0,NO2,LB4,Nitrogen Dioxide,Lambeth - Brixton Road,Kerbside,51.464113541162,-0.11458102695123
2025-11-16 01:00:00,20.6,NO2,LB4,Nitrogen Dioxide,Lambeth - Brixton Road,Kerbside,51.464113541162,-0.11458102695123
2025-11-16 02:00:00,18.4,NO2,LB4,Nitrogen Dioxide,Lambeth - Brixton Road,Kerbside,51.464113541162,-0.11458102695123
2025-11-16 03:00:00,11.2,NO2,LB4,Nitrogen Dioxide,Lambeth - Brixton Road,Kerbside,51.464113541162,-0.11458102695123
2025-11-16 04:00:00,9.8,NO2,LB4,Nitrogen Dioxide,Lambeth - Brixton Road,Kerbside,51.464113541162,-0.11458102695123
2025-11-16 05:00:00,13.7,NO2,LB4,Nitrogen Dioxide,Lambeth - Brixton Road,Kerbside,51.464113541162,-0.11458102695123
2025-11-16 06:00:00,16.0,NO2,LB4,Nitrogen Dioxide,Lambeth - Brixton Road,Kerbside,51.464113541162,-0.11458102695123
2025-11-16 07:00:00,15.9,NO2,LB4,Nitrogen Dioxide,Lambeth - Brixton Road,Kerbside,51.464113541162,-0.11458102695123
2025-11-16 08:00:00,12.7,NO2,LB4,Nitrogen Dioxide,Lambeth - Brixton Road,Kerbside,51.464113541162,-0.11458102695123
2025-11-16 09:00:00,15.6,NO2,LB4,Nitrogen Dioxide,Lambeth - Brixton Road,Kerbside,51.464113541162,-0.11458102695123
2025-11-16 10:00:00,24.7,NO2,LB4,Nitrogen Dioxide,Lambeth - Brixton Road,Kerbside,51.464113541162,-0.11458102695123
2025-11-16 11:00:00,20.9,NO2,LB4,Nitrogen Dioxide,Lambeth - Brixton Road,Kerbside,51.464113541162,-0.11458102695123
2025-11-16 12:00:00,31.9,NO2,LB4,Nitrogen Dioxide,Lambeth - Brixton Road,Kerbside,51.464113541162,-0.11458102695123
2025-11-16 13:00:00,46.5,NO2,LB4,Nitrogen Dioxide,Lambeth - Brixton Road,Kerbside,51.464113541162,-0.11458102695123
2025-11-16 14:00:00,30.7,NO2,LB4,Nitrogen Dioxide,Lambeth - Brixton Road,Kerbside,51.464113541162,-0.11458102695123
2025-11-16 15:00:00,28.7,NO2,LB4,Nitrogen Dioxide,Lambeth - Brixton Road,Kerbside,51.464113541162,-0.11458102695123
2025-11-16 16:00:00,35.7,NO2,LB4,Nitrogen Dioxide,Lambeth - Brixton Road,Kerbside,51.464113541162,-0.11458102695123
2025-11-16 17:00:00,46.6,NO2,LB4,Nitrogen Dioxide,Lambeth - Brixton Road,Kerbside,51.464113541162,-0.11458102695123
2025-11-16 18:00:00,69.9,NO2,LB4,Nitrogen Dioxide,Lambeth - Brixton Road,Kerbside,51.464113541162,-0.11458102695123
2025-11-16 19:00:00,56.1,NO2,LB4,Nitrogen Dioxide,Lambeth - Brixton Road,Kerbside,51.464113541162,-0.11458102695123
2025-11-16 20:00:00,51.6,NO2,LB4,Nitrogen Dioxide,Lambeth - Brixton Road,Kerbside,51.464113541162,-0.11458102695123
2025-11-16 21:00:00,45.3,NO2,LB4,Nitrogen Dioxide,Lambeth - Brixton Road,Kerbside,51.464113541162,-0.11458102695123
2025-11-16 22:00:00,38.5,NO2,LB4,Nitrogen Dioxide,Lambeth - Brixton Road,Kerbside,51.464113541162,-0.11458102695123
2025-11-16 23:00:00,45.1,NO2,LB4,Nitrogen Dioxide,Lambeth - Brixton Road,Kerbside,51.464113541162,-0.11458102695123
2025-11-17 00:00:00,21.0,NO2,LB4,Nitrogen Dioxide,Lambeth - Brixton Road,Kerbside,51.464113541162,-0.11458102695123
2025-11-17 01:00:00,13.1,NO2,LB4,Nitrogen Dioxide,Lambeth - Brixton Road,Kerbside,51.464113541162,-0.11458102695123
2025-11-17 02:00:00,13.2,NO2,LB4,Nitrogen Dioxide,Lambeth - Brixton Road,Kerbside,51.464113541162,-0.11458102695123
2025-11-17 03:00:00,10.8,NO2,LB4,Nitrogen Dioxide,Lambeth - Brixton Road,Kerbside,51.464113541162,-0.11458102695123
2025-11-17 04:00:00,13.0,NO2,LB4,Nitrogen Dioxide,Lambeth - Brixton Road,Kerbside,51.464113541162,-0.11458102695123
2025-11-17 05:00:00,21.9,NO2,LB4,Nitrogen Dioxide,Lambeth - Brixton Road,Kerbside,51.464113541162,-0.11458102695123
2025-11-17 06:00:00,26.7,NO2,LB4,Nitrogen Dioxide,Lambeth - Brixton Road,Kerbside,51.464113541162,-0.11458102695123
2025-11-17 07:00:00,49.2,NO2,LB4,Nitrogen Dioxide,Lambeth - Brixton Road,Kerbside,51.464113541162,-0.11458102695123
2025-11-17 08:00:00,41.3,NO2,LB4,Nitrogen Dioxide,Lambeth - Brixton Road,Kerbside,51.464113541162,-0.11458102695123
2025-11-17 09:00:00,45.4,NO2,LB4,Nitrogen Dioxide,Lambeth - Brixton Road,Kerbside,51.464113541162,-0.11458102695123
2025-11-17 10:00:00,40.9,NO2,LB4,Nitrogen Dioxide,Lambeth - Brixton Road,Kerbside,51.464113541162,-0.11458102695123
2025-11-17 11:00:00,32.5,NO2,LB4,Nitrogen Dioxide,Lambeth - Brixton Road,Kerbside,51.464113541162,-0.11458102695123
2025-11-17 12:00:00,43.6,NO2,LB4,Nitrogen Dioxide,Lambeth - Brixton Road,Kerbside,51.464113541162,-0.11458102695123
2025-11-17 13:00:00,46.0,NO2,LB4,Nitrogen Dioxide,Lambeth - Brixton Road,Kerbside,51.464113541162,-0.11458102695123
2025-11-17 14:00:00,48.8,NO2,LB4,Nitrogen Dioxide,Lambeth - Brixton Road,Kerbside,51.464113541162,-0.11458102695123
2025-11-17 15:00:00,56.4,NO2,LB4,Nitrogen Dioxide,Lambeth - Brixton Road,Kerbside,51.464113541162,-0.11458102695123
2025-11-17 16:00:00,77.1,NO2,LB4,Nitrogen Dioxide,Lambeth - Brixton Road,Kerbside,51.464113541162,-0.11458102695123
2025-11-17 17:00:00,79.6,NO2,LB4,Nitrogen Dioxide,Lambeth - Brixton Road,Kerbside,51.464113541162,-0.11458102695123
2025-11-17 18:00:00,76.3,NO2,LB4,Nitrogen Dioxide,Lambeth - Brixton Road,Kerbside,51.464113541162,-0.11458102695123
2025-11-17 19:00:00,73.3,NO2,LB4,Nitrogen Dioxide,Lambeth - Brixton Road,Kerbside,51.464113541162,-0.11458102695123
2025-11-17 20:00:00,65.2,NO2,LB4,Nitrogen Dioxide,Lambeth - Brixton Road,Kerbside,51.464113541162,-0.11458102695123
2025-11-17 21:00:00,73.8,NO2,LB4,Nitrogen Dioxide,Lambeth - Brixton Road,Kerbside,51.464113541162,-0.11458102695123
2025-11-17 22:00:00,73.0,NO2,LB4,Nitrogen Dioxide,Lambeth - Brixton Road,Kerbside,51.464113541162,-0.11458102695123
2025-11-17 23:00:00,55.5,NO2,LB4,Nitrogen Dioxide,Lambeth - Brixton Road,Kerbside,51.464113541162,-0.11458102695123
2025-11-18 00:00:00,59.7,NO2,LB4,Nitrogen Dioxide,Lambeth - Brixton Road,Kerbside,51.464113541162,-0.11458102695123
2025-11-18 01:00:00,45.3,NO2,LB4,Nitrogen Dioxide,Lambeth - Brixton Road,Kerbside,51.464113541162,-0.11458102695123
2025-11-18 02:00:00,38.2,NO2,LB4,Nitrogen Dioxide,Lambeth - Brixton Road,Kerbside,51.464113541162,-0.11458102695123
2025-11-18 03:00:00,36.3,NO2,LB4,Nitrogen Dioxide,Lambeth - Brixton Road,Kerbside,51.464113541162,-0.11458102695123
2025-11-18 04:00:00,41.7,NO2,LB4,Nitrogen Dioxide,Lambeth - Brixton Road,Kerbside,51.464113541162,-0.11458102695123
2025-11-18 05:00:00,41.5,NO2,LB4,Nitrogen Dioxide,Lambeth - Brixton Road,Kerbside,51.464113541162,-0.11458102695123
2025-11-18 06:00:00,33.8,NO2,LB4,Nitrogen Dioxide,Lambeth - Brixton Road,Kerbside,51.464113541162,-0.11458102695123
2025-11-18 07:00:00,55.2,NO2,LB4,Nitrogen Dioxide,Lambeth - Brixton Road,Kerbside,51.464113541162,-0.11458102695123
2025-11-18 08:00:00,71.8,NO2,LB4,Nitrogen Dioxide,Lambeth - Brixton Road,Kerbside,51.464113541162,-0.11458102695123
2025-11-18 09:00:00,52.8,NO2,LB4,Nitrogen Dioxide,Lambeth - Brixton Road,Kerbside,51.464113541162,-0.11458102695123
2025-11-18 10:00:00,53.1,NO2,LB4,Nitrogen Dioxide,Lambeth - Brixton Road,Kerbside,51.464113541162,-0.11458102695123
2025-11-18 11:00:00,34.7,NO2,LB4,Nitrogen Dioxide,Lambeth - Brixton Road,Kerbside,51.464113541162,-0.11458102695123
2025-11-18 12:00:00,41.6,NO2,LB4,Nitrogen Dioxide,Lambeth - Brixton Road,Kerbside,51.464113541162,-0.11458102695123
2025-11-18 13:00:00,29.0,NO2,LB4,Nitrogen Dioxide,Lambeth - Brixton Road,Kerbside,51.464113541162,-0.11458102695123
2025-11-18 14:00:00,41.4,NO2,LB4,Nitrogen Dioxide,Lambeth - Brixton Road,Kerbside,51.464113541162,-0.11458102695123
2025-11-18 15:00:00,45.7,NO2,LB4,Nitrogen Dioxide,Lambeth - Brixton Road,Kerbside,51.464113541162,-0.11458102695123
2025-11-18 16:00:00,59.3,NO2,LB4,Nitrogen Dioxide,Lambeth - Brixton Road,Kerbside,51.464113541162,-0.11458102695123
2025-11-18 17:00:00,55.2,NO2,LB4,Nitrogen Dioxide,Lambeth - Brixton Road,Kerbside,51.464113541162,-0.11458102695123
2025-11-18 18:00:00,77.3,NO2,LB4,Nitrogen Dioxide,Lambeth - Brixton Road,Kerbside,51.464113541162,-0.11458102695123
2025-11-18 19:00:00,69.8,NO2,LB4,Nitrogen Dioxide,Lambeth - Brixton Road,Kerbside,51.464113541162,-0.11458102695123
2025-11-18 20:00:00,45.7,NO2,LB4,Nitrogen Dioxide,Lambeth - Brixton Road,Kerbside,51.464113541162,-0.11458102695123
2025-11-18 21:00:00,46.1,NO2,LB4,Nitrogen Dioxide,Lambeth - Brixton Road,Kerbside,51.464113541162,-0.11458102695123
2025-11-18 22:00:00,32.0,NO2,LB4,Nitrogen Dioxide,Lambeth - Brixton Road,Kerbside,51.464113541162,-0.11458102695123
2025-11-18 23:00:00,42.2,NO2,LB4,Nitrogen Dioxide,Lambeth - Brixton Road,Kerbside,51.464113541162,-0.11458102695123
